Nama Pekerjaan,Nama Perusahaan,Tanggal Posting,Eligibility,Kondisi,Audiens,Tanggal Mulai,Lokasi,Job Description,Job Requirement,Gaji,Informasi Perusahaan
Guru Les,Ganesha Operation,01/02/2018,Cacat Tangan/Cacat Kaki,Full Time,P/L,12/05/2018,"Denpasar, Bali",Kami mencari seorang guru les yang berpengalaman untuk bergabung dengan tim kami. Guru les akan bertanggung jawab dalam memberikan pengajaran yang efektif dan mendukung kepada siswa sesuai dengan kurikulum yang ditetapkan. ,"Gelar sarjana dalam bidang terkait atau sertifikasi yang relevan, dan kemampuan komunikasi yang baik dan mampu menginspirasi siswa.",4- 5 jt/bln,PT. Pendidikan Ganesha Operation adalah salah satu perusahaan yang bergerak dalam bidang jasa pendidikan Bimbingan Belajar yang terbaik dan terbesar se Indonesia.
Call Center,Telkomsel,02/02/2018,Cacat Kaki,Full Time,P/L,13/05/2018,"Sragen, Jawa Tengah","Anda akan menjadi perwakilan utama perusahaan dalam berkomunikasi dengan pelanggan. Tugas utama Anda adalah menangani panggilan masuk dan keluar, memberikan layanan pelanggan yang unggul, dan memastikan penyelesaian yang memuaskan bagi pertanyaan atau masalah pelanggan.","Pendidikan minimal SMA atau setara, kemampuan komunikasi yang baik dalam bahasa yang sesuai dengan kebutuhan perusahaan dan kemampuan multitasking dalam menangani panggilan di lingkungan yang sibuk.","2,5 - 3 jt/bln","PT Telekomunikasi Selular atau biasa disingkat menjadi Telkomsel, adalah anak usaha Telkom Indonesia yang bergerak di bidang telekomunikasi."
Penerjemah,PT Indo Lingua Translocalize,03/02/2018,Cacat Kaki/Cacat Tangan,Full Time,P/L,14/05/2018,"Demak, Jawa Tengah", Anda akan bertanggung jawab untuk menerjemahkan teks dari satu bahasa ke bahasa lain dengan akurasi dan kejelasan. Anda akan bekerja untuk memastikan pesan dan makna dari dokumen atau materi yang diterjemahkan tetap terjaga.,"Pendidikan minimal sarjana di bidang terjemahan atau bidang terkait, dan kemampuan untuk mentransfer konteks budaya dan makna dalam teks yang diterjemahkan.",3 - 4 jt/bln,"PT Indo Lingua Translocalize menawarkan jasa terjemahan bahasa Indonesia, Inggris dan pasangan bahasa lain yang cepat, andal, dan berkualitas."
Pramusaji,RM. Padang Sederhana,04/02/2018,Tuna Rungu/Cacat Kaki,Full Time,P/L,15/05/2018,"Medan, Sumatera Utara","Anda bertanggung jawab untuk memberikan pelayanan pelanggan yang ramah dan profesional. Anda akan menjadi perwakilan perusahaan di depan pelanggan, membantu mereka memilih menu, melayani pesanan, dan memastikan pengalaman makan yang menyenangkan.",Keterampilan komunikasi yang baik dan ramah dalam melayani pelanggan. Kemampuan bekerja dalam tim dan beradaptasi dengan lingkungan kerja yang dinamis. Dan kesiapan untuk belajar tentang menu dan produk yang ditawarkan.,3 - 4 jt/bln,Rumah Makan Padang Sederhana adalah suatu bisnis warung makan/rumah makan/restoran yang menjual atau menghidangkan berbagai ragam kuliner atau masakan Minangkabau
Kasir Alfamart,Alfamart,05/02/2018,Cacat Kaki,Part Time,P/L,16/05/2018,"Batanghari, Jambi","Anda akan bertanggung jawab untuk melayani pelanggan dengan cepat dan ramah di area kasir. Anda akan memproses pembayaran pembelian pelanggan, mengoperasikan peralatan kasir, dan menjaga ketertiban di area kasir.",Setidaknya SMA atau setara. Memiliki kemampuan komunikasi yang baik dan ramah terhadap pelanggan. Dan kemampuan mengoperasikan peralatan kasir atau kemampuan belajar dengan cepat dalam menggunakan sistem kasir.,2 - 3 jt/bln,"PT. Sumber Alfaria Trijaya Tbk (AMRT) bergerak dalam bidang distribusi eceran produk konsumen dengan mengoperasikan jaringan mini market, dengan nama ""Alfamart"". "
Cleaning Service,RSUD Tenriawaru,06/02/2018,Tuna Rungu,Full Time,P/L,17/05/2018,"Buton Utara, Sulawesi Tenggara","Anda akan menjaga kebersihan dan kerapihan di area kerja atau lingkungan tertentu. Anda akan bertanggung jawab untuk membersihkan dan merawat kebersihan ruang, peralatan, dan fasilitas, menciptakan lingkungan yang sehat dan nyaman bagi penghuni atau pengguna area tersebut.","Kemampuan untuk melakukan tugas pembersihan dengan teliti dan efisien. Dan memiliki keuletan dan keterampilan dalam menggunakan peralatan pembersihan seperti vakum, sapu, penggosok, dan pembersih lainnya.","1,7 - 2 jt/bln", RSUD Tenriawaru merupakan rumah sakit milik pemerintah Kabupaten Buton yang terletak di Jalan DR. Wahidin Sudirohusodo.
Jasa Ketik,Fotocopy Media,07/02/2018,Cacat Kaki/Tuna Rungu,Part Time,P/L,18/05/2018,"Cilacap, Jawa Tengah","Anda akan mengetik teks atau dokumen sesuai dengan petunjuk yang diberikan. Anda dapat bekerja secara mandiri atau di bawah supervisi, dan memastikan akurasi dan kecepatan dalam mengetik.","Kemampuan mengetik cepat (minimal 50 kata per menit), Ketelitian yang tinggi dalam memasukkan data. Dan memiliki keterampilan menggunakan perangkat lunak pengolah kata dan spreadsheet.","1,5 - 2 jt/bln",Toko Fotocopy Media merupakan jenis usaha yang bergerak di bidang percetakan. Selain itu Toko Fotocopy Media menjual berbagai jenis ATK.
Admin Sosmed,Arabeautyskin,08/02/2018,Tuna Rungu/Cacat Kaki,Part Time,P/L,19/05/2018,"Garut, Jawa Barat","Anda bertanggung jawab untuk menyusun dan mengimplementasikan strategi media sosial, berinteraksi dengan audiens, serta memantau dan melaporkan kinerja kampanye online.",Pemahaman yang baik mengenai platform media sosial dan tren terbaru dalam media sosial.Dan memiliki kemampuan menulis konten yang menarik dan berbahasa yang baik.,2 jt/bln,"Arabeautyskin adalah tempat yang menjual berbagai macam produk perawatan kulit, mulai dari pembersih wajah, toner, serum, pelembab, masker, hingga sunscreen. Toko skincare ini juga menyediakan berbagai merek dan jenis produk skincare, baik yang lokal maupun impor."
Seniman,Pengrajin Mode,09/02/2018,Cacat Kaki/Tuna Rungu,Full Time,P/L,20/05/2018,"Gianyar, Bali","Seorang seniman pembuat vas tanah liat biasanya memiliki tanggung jawab yang melibatkan keterampilan artistik, keahlian dalam penggunaan tanah liat, dan pemahaman mendalam tentang proses pembuatan vas.","Memiliki keterampilan dalam penggunaan alat dan teknik pembuatan vas seperti pemodelan tanah liat, glasir, dan teknik finishing.Kreativitas yang tinggi dan kemampuan untuk menghasilkan desain yang inovatif.",4 - 5 jt/bln,"Pengrajin mode adalah tempat yang menghasilkan berbagai kerajinan tangan seperti, vas bunga, tempat hiasan keramik, dan berbagai pot untuk menempatkan bunga atau tanaman hias."
Buruh Pabrik,PT. Gula Arasoe,10/02/2018,Tuna Rungu/Cacat Kaki,Full Time,P/L,21/05/2018,"Jombang, Jawa Timur","Anda akan menjadi bagian integral dari proses produksi di pabrik. Tugas utama Anda melibatkan pekerjaan fisik dalam lingkungan pabrik, termasuk operasi mesin, penanganan bahan baku, dan menjaga alur produksi berjalan lancar.",Mampu bekerja dalam tim dan memiliki keterampilan komunikasi yang baik. Kepatuhan terhadap prosedur keselamatan kerja dan regulasi pabrik. Fleksibel dalam jadwal kerja dan siap untuk bekerja dalam shift atau lembur jika diperlukan.,"3,5 - 5 jt/bln",Sebuah pabrik yang mengolah tebu menjadi gula putih atau gula cokelat. Pabrik Gula dapat diartikan sebagai tempat untuk menghancurkan batang gula tebu dan mengekstrak sarinya.
Kuli Panggul/Porter,PT. KAI Indonesia,11/02/2018,Tuna Rungu,Full Time,P/L,22/05/2018,"Madiun, Jawa Timur",Anda akan memastikan penataan dan pemindahan barang yang efisien di stasiun atau area yang ditentukan. Dan menangani proses pengangkutan barang menggunakan alat bantu yang tersedia.,Dapat bekerja dengan baik dalam tim. Memiliki kemampuan untuk mengikuti instruksi dengan baik. Memiliki kesadaran akan pentingnya keselamatan dalam lingkungan kerja.,"1,5 - 2 jt/bln","PT Kereta Api Indonesia (Persero) atau biasa disingkat menjadi KAI, adalah sebuah badan usaha milik negara Indonesia yang bergerak di bidang perkeretaapian."
Pustakawan,Perpustakaan Negara Indonesia,12/02/2018,Tuna Rungu/Cacat Kaki,Part Time,P/L,23/05/2018,Jakarta Pusat,"Anda akan mengelola dan menyelenggarakan koleksi perpustakaan, memberikan bantuan kepada pengunjung dalam menemukan sumber informasi, serta menjaga keberlanjutan dan keteraturan operasional perpustakaan.",Memiliki pengetahuan yang kuat dalam manajemen perpustakaan dan sistem pengelolaan koleksi. Kemampuan komunikasi yang baik dan keterampilan dalam membantu pengguna perpustakaan dengan baik.,"1,8 - 2,5 jt/bln","Perpustakaan Negara Indonesia menjadi tempat yang menyediakan atau memamerkan koleksi spesial seperti buku-buku langka, arsip, atau karya seni. "
Kasir Alfamidi,Alfamidi,13/02/2018,Cacat Kaki,Part Time,P/L,24/05/2018,"Indragiri Hilir, Riau",Anda akan melakukan transaksi keuangan dengan pelanggan dan memberikan pelayanan pelanggan yang ramah dan efisien.,Setidaknya SMA atau setara. Memiliki kemampuan komunikasi yang baik dan ramah terhadap pelanggan. Dan kemampuan mengoperasikan peralatan kasir atau kemampuan belajar dengan cepat dalam menggunakan sistem kasir.,2 - 3 jt/bln,PT Midi Utama Indonesia Tbk (berbisnis dengan nama Alfamidi) adalah anak usaha Alfamart yang bergerak di bidang midimarket. 
Kasir Indomaret,Indomaret,14/02/2018,Cacat Kaki,Part Time,P/L,25/05/2018,"Indramayu, Jawa Barat",Anda akan melakukan transaksi keuangan dengan pelanggan dan memberikan pelayanan pelanggan yang ramah dan efisien.,Setidaknya SMA atau setara. Memiliki kemampuan komunikasi yang baik dan ramah terhadap pelanggan. Dan kemampuan mengoperasikan peralatan kasir atau kemampuan belajar dengan cepat dalam menggunakan sistem kasir.,2 - 3 jt/bln,"PT Indomarco Prismatama, beroperasi sebagai Indomaret, adalah jaringan pengecer waralaba di Indonesia. Indomaret merupakan salah satu anak perusahaan Salim Group."
Guru Les,Zenius,15/02/2018,Cacat Tangan/Cacat Kaki,Full Time,P/L,26/05/2018,"Kapuas, Kalimantan Tengah","Anda akan memiliki tanggung jawab untuk memberikan bimbingan dan pengajaran intensif kepada siswa dalam kedua mata pelajaran tersebut. Tugas utama Anda melibatkan penyusunan materi pembelajaran, memberikan penjelasan konsep, mengembangkan keterampilan berbicara dan menulis, dan memotivasi siswa agar dapat menguasai kedua bahasa dengan baik.","Gelar sarjana dalam bidang terkait atau sertifikasi yang relevan, dan kemampuan komunikasi yang baik dan mampu menginspirasi siswa.",4- 5 jt/bln,PT Zona Edukasi Nusantara (Zenius Education) adalah perusahaan pendidikan berbasis teknologi asal Indonesia.[1] Zenius menyediakan layanan akses pendidikan dalam format video berbahasa Indonesia yang disajikan secara online melalui website (zenius.net) dan aplikasi ponsel.
Call Center,IndiHome,16/02/2018,Cacat Kaki,Full Time,P/L,27/05/2018,"Kebumen, Jawa Tengah","Anda akan menjadi perwakilan utama perusahaan dalam berkomunikasi dengan pelanggan. Tugas utama Anda adalah menangani panggilan masuk dan keluar, memberikan layanan pelanggan yang unggul, dan memastikan penyelesaian yang memuaskan bagi pertanyaan atau masalah pelanggan.","Pendidikan minimal SMA atau setara, kemampuan komunikasi yang baik dalam bahasa yang sesuai dengan kebutuhan perusahaan dan kemampuan multitasking dalam menangani panggilan di lingkungan yang sibuk.","2,5 - 3 jt/bln","Indonesia Digital Home (disingkat IndiHome) adalah salah satu produk layanan dari Telkomsel, anak perusahaan Telkom Indonesia berupa paket layanan komunikasi."
Penerjemah,Kampung Pare English,17/02/2018,Cacat Kaki,Part Time,P/L,28/05/2018,"Kediri, Jawa Timur","Anda akan bertanggung jawab untuk menerjemahkan teks tertulis dan lisan dari bahasa Inggris ke bahasa Jepang atau Korea, dan sebaliknya. Tugas utama Anda melibatkan keahlian dalam ketiga bahasa tersebut, pemahaman konteks, dan ketelitian dalam menyampaikan makna yang akurat.",Kemampuan untuk bekerja dengan berbagai macam materi atau topik. Kemampuan menggunakan perangkat lunak atau alat bantu penerjemahan adalah nilai tambah.,3 - 4 jt/bln,Kampung Pare Inggris adalah lembaga kursus bahasa Inggris yang menyediakan sistem pembelajaran baik OFFLINE maupun ONLINE.
Pramusaji,Restoran Babah,18/02/2018,Tuna Rungu/Tuna Netra,FullTime,P/L,29/05/2018,"Lombok Barat, NTB","Anda bertanggung jawab untuk memberikan pelayanan pelanggan yang ramah dan profesional. Anda akan menjadi perwakilan perusahaan di depan pelanggan, membantu mereka memilih menu, melayani pesanan, dan memastikan pengalaman makan yang menyenangkan.","Memiliki kemampuan organisasi dan kebersihan yang baik. Bersedia untuk bekerja dengan jam kerja yang fleksibel, termasuk akhir pekan dan hari libur.",3 - 4 jt/bln,"Resto antik dan unik ini berlokasi di jalan veteran gambir, tidak jauh dari ragusa. Suasana jadulnya terasa sekali di Restoran Babah ini, serasa masuk di museum."
Kasir ,Toko Kelontong Cak,19/02/2018,Tuna Rungu/Cacat Kaki,Part Time,P/L,30/05/2018,"Surakarta, Jawa Tengah",Anda akan melakukan transaksi keuangan dengan pelanggan dan memberikan pelayanan pelanggan yang ramah dan efisien.,Keterampilan matematika dasar untuk menghitung transaksi dengan akurat. Keterampilan multitasking dan ketelitian dalam menangani uang dan transaksi.,2 - 3 jt/bln,Toko Kelontong Cak merupakan suatu tempat atau toko yang menyediakan berbagai macam barang kebutuhan sehari-hari.
Cleaning Service,PT. Angkasa Pura,20/02/2018,Tuna Rungu,Full Time,P/L,31/05/2018,"Semarang, Jawa Tengah","Anda akan menjaga kebersihan dan kerapihan di area kerja atau lingkungan tertentu. Anda akan bertanggung jawab untuk membersihkan dan merawat kebersihan ruang, peralatan, dan fasilitas, menciptakan lingkungan yang sehat dan nyaman bagi penghuni atau pengguna area tersebut.",Kemampuan untuk mengikuti instruksi dengan baik dan beradaptasi dengan perubahan jadwal atau prioritas pembersihan.Mampu bekerja secara mandiri atau dalam tim dengan baik.,"2,7 - 4 jt/bln",PT Angkasa Pura adalah anak perusahaan PT Aviasi Pariwisata Indonesia (Persero) atau InJourney sebagai pelopor pengusahaan kebandarudaraan komersial di Indonesia yang berdiri sejak tahun 1964.
Jasa Ketik,IDN Times,21/02/2018,Tuna Rungu/Cacat Kaki,Part Time,P/L,01/06/2018,"Ciamis, Jawa Barat","Anda akan mengetik teks atau dokumen sesuai dengan petunjuk yang diberikan. Anda dapat bekerja secara mandiri atau di bawah supervisi, dan memastikan akurasi dan kecepatan dalam mengetik.",Keterampilan organisasi dan fokus terhadap detail. Komunikasi yang baik dan kemampuan bekerja dalam tim. Kesediaan untuk bekerja dengan tenggat waktu yang ketat.,"1,5 - 2 jt/bln","Indonesian Times berkembang menjadi IDN Times, yaitu sebuah media multi-platform yang menyajikan konten berita dan hiburan informasi untuk."
Admin Sosmed,Menantea,22/02/2018,Tuna Rungu/Cacat Kaki,Full Time,P/L,02/06/2018,"Cirebon, Jawa Barat","Anda bertanggung jawab untuk menyusun dan mengimplementasikan strategi media sosial, berinteraksi dengan audiens, serta memantau dan melaporkan kinerja kampanye online.",Kemampuan menulis konten yang menarik dan berbahasa yang baik. Keahlian analitis untuk memahami dan menggunakan data untuk meningkatkan kinerja. Kemampuan manajemen waktu yang baik.,2 jt/bln,"Menantea adalah brand minuman yang menawarkan konsep cita rasa teh buah modern berfokus pada berbagai jenis olahan teh dan dipadukan dengan buah-buahan, serta topping menarik."
Seniman,Batik Kediri Fashion,23/02/2018,Cacat Kaki/Tuna Rungu,Full Time,P/L,03/06/2018,"Badung, Bali","Anda akan menggunakan teknik tradisional atau modern untuk menciptakan karya seni tekstil yang unik dan indah menggunakan metode batik. Tugas utama Anda melibatkan pemilihan motif, pewarnaan kain, dan proses batik, menciptakan desain yang memadukan keahlian teknis dengan ekspresi artistik.",Kreativitas yang tinggi dan kemampuan untuk menghasilkan desain yang inovatif. Kemampuan untuk bekerja secara mandiri dan dalam tim. Keterampilan komunikasi yang baik untuk berinteraksi dengan  tim internal.,4 - 5 jt/bln,"Di Batik Kediri Fashion ini, tersedia berbagai macam koleksi Batik Printing dari model untuk pria terkini dan desain terbaru hingga material bahan yang nyaman dan berkualitas."
Buruh Pabrik,PT. Indolakto,24/02/2018,Tuna Rungu,Full Time,P/L,04/06/2018,"Deli Serdang, Sumatera Utara","Anda akan menjadi bagian integral dari proses produksi di pabrik. Tugas utama Anda melibatkan pekerjaan fisik dalam lingkungan pabrik, termasuk operasi mesin, penanganan bahan baku, dan menjaga alur produksi berjalan lancar.",Kepatuhan terhadap prosedur keamanan dan kebersihan pabrik. Kemampuan untuk bekerja dalam tim dengan baik dan mematuhi jadwal kerja.,"3,5 - 5 jt/bln","PT Indolakto merupakan anak perusahaan dari PT Indofood Group yang bergerak di bidang Industri pembuatan, pengolahan dan distribusi susu. Didirikan pada tahun 1967 sebagai bentuk investasi asing untuk memproduksi susu kental manis secara modern di Indonesia."
Kuli Panggul,Pasar Palangkaraya,25/02/2018,Tuna Rungu,Part Time,P/L,05/06/2018,"Lebak, Banten","Anda akan melakukan pekerjaan fisik yang melibatkan pemindahan, pengangkatan, dan penataan bahan di lingkungan pasar.",Keterampilan organisasi yang baik untuk menata barang dagangan dengan rapi. Memiliki kemampuan bekerja dalam tim dan patuh terhadap instruksi yang diberikan.,"1,5 - 2 jt/bln",Pasar merupakan salah satu tempat terjadinya jual beli barang maupun jasa. Selain itu di dalam pasar terjadi hubungan sosial antara pedagang dan pembeli.
Pustakawan,Perpustakaan TMII,26/02/2018,Tuna Rungu/Cacat Kaki,Full Time,P/L,06/06/2018,"Lumajang, Jawa Timur","Anda akan mengelola dan menyelenggarakan koleksi perpustakaan, memberikan bantuan kepada pengunjung dalam menemukan sumber informasi, serta menjaga keberlanjutan dan keteraturan operasional perpustakaan.",Mengerti tentang katalogisasi dan pengindeksan buku serta sistem penjagaan arsip. Dapat bekerja secara mandiri dan dalam tim. Kemampuan organisasi yang baik dan perhatian terhadap detail.,"1,8 - 2,5 jt/bln","Perpustakaan TMII adalah institusi yang mengumpulkan pengetahuan tercetak dan terekam, mengelolanya dengan cara khusus guna memenuhi kebutuhan intelektualitas para penggunanya melalui beragam cara interaksi pengetahuan."
Kasir Gramedia,Gramedia,27/02/2018,Tuna Rungu/Cacat Kaki,Full Time,P/L,07/06/2018,"Madiun, Jawa Timur",Anda akan melakukan transaksi keuangan dengan pelanggan dan memberikan pelayanan pelanggan yang ramah dan efisien.,Keterampilan matematika dasar untuk menghitung transaksi dengan akurat. Keterampilan multitasking dan ketelitian dalam menangani uang dan transaksi.,2 - 3 jt/bln,Gramedia adalah Toko Buku terbesar di Indonesia. Anak perusahaan dari Kompas Gramedia ini telah menyediakan jaringan toko buku di Indonesia dan Malaysia.
Kasir Transmart Carefour,Transmart Carefour,28/02/2018,Tuna Rungu/Cacat Kaki,Full Time,P/L,08/06/2018,"Malaka, NTT",Anda akan melakukan transaksi keuangan dengan pelanggan dan memberikan pelayanan pelanggan yang ramah dan efisien.,Keterampilan matematika dasar untuk menghitung transaksi dengan akurat.Keterampilan multitasking dan ketelitian dalam menangani uang dan transaksi.,2 - 3 jt/bln,"Transmart Carrefour merupakan transformasi retail modern. Sebagai destinasi belanja,bersantap dan bermain dengan konsep lifestyle, tetap terjangkau dan lengkap."
Guru Les,Ruangguru Indonesia,01/03/2018,Cacat Tangan/Cacat Kaki,Full Time,P/L,09/06/2018,Jakarta Pusat,"Anda akan memiliki tanggung jawab untuk memberikan bimbingan dan pengajaran intensif kepada siswa dalam mata pelajaran yang terkait. Tugas utama Anda melibatkan penyusunan materi pembelajaran, penjelasan konsep, mengembangkan keterampilan analisis, dan memotivasi siswa agar dapat memahami konteks.","Kemampuan komunikasi yang baik dan mampu menginspirasi siswa. Kemampuan untuk menyesuaikan metode pengajaran sesuai dengan gaya belajar siswa. Kesabaran, dedikasi, dan motivasi untuk meningkatkan hasil belajar siswa.",4- 5 jt/bln,Ruangguru adalah penyedia layanan pendidikan berbasis teknologi asal Indonesia. Ruangguru menawarkan platform komputer pembelajaran berbasis kurikulum sekolah melalui video tutorial interaktif oleh guru dan animasi di aplikasi ponsel dan website.
Call Center,Smartfren,02/03/2018,Cacat Kaki,Part Time,P/L,10/06/2018,"Merangin, Jambi","Anda akan menjadi perwakilan utama perusahaan dalam berkomunikasi dengan pelanggan. Tugas utama Anda adalah menangani panggilan masuk dan keluar, memberikan layanan pelanggan yang unggul, dan memastikan penyelesaian yang memuaskan bagi pertanyaan atau masalah pelanggan.",Kemampuan multitasking dan menangani panggilan dalam lingkungan yang sibuk. Kemampuan menyelesaikan masalah dan berpikir cepat. Pengalaman di bidang call center dianggap sebagai nilai tambah.,"2,5 - 3 jt/bln","PT Smartfren Telecom Tbk adalah salah satu perusahaan telekomunikasi dengan perkembangan tercepat di Indonesia. Kami adalah pionir layanan internet 4G LTE dan layanan VoLTE. Bersama, kami membantu Indonesia membuka peluang memasuki era digital."
Penerjemah,Produksi Film Negara,03/03/2018,Cacat Kaki/Cacat Tangan,Full Time,P/L,11/06/2018,"Mojokerto, Jawa Timur",Menerjemahkan bahasa inggris dan korea,Fleksibilitas dalam menyesuaikan gaya bahasa dengan konteks dan audiens yang dituju. Kreativitas dalam menangani tantangan terjemahan yang kompleks.,3 - 4 jt/bln,Produksi Film Negara atau disingkat PFN adalah badan usaha milik negara Indonesia di bidang perfilman.
Pramusaji,Chill Food,04/03/2018,Tuna Rungu/Cacat Kaki,Part Time,P/L,12/06/2018,"Ngawi, Jawa Timur","Anda bertanggung jawab untuk memberikan pelayanan pelanggan yang ramah dan profesional. Anda akan menjadi perwakilan perusahaan di depan pelanggan, membantu mereka memilih menu, melayani pesanan, dan memastikan pengalaman makan yang menyenangkan.",Keterampilan multitasking yang baik. Tingkat energi dan motivasi yang tinggi. Kepatuhan terhadap standar kebersihan dan keamanan makanan.,3 - 4 jt,"Chill Food adalah tempat usaha yang utamanya menyajikan kopi (dari berbagai jenis, misalnya espresso, latte, cappuccino)."
Kasir Matahari,Matahari,05/03/2018,Cacat Kaki,Part Time,P/L,13/06/2018,"Nganjuk, Jawa Timur",Anda akan melakukan transaksi keuangan dengan pelanggan dan memberikan pelayanan pelanggan yang ramah dan efisien.,Kemampuan komunikasi yang baik dan ramah terhadap pelanggan. Kemampuan mengoperasikan peralatan kasir atau kemampuan belajar dengan cepat dalam menggunakan sistem kasir.,2 - 3 jt/bln,PT Matahari Department Store Tbk. merupakan salah satu perusahaan yang bergerak di industri ritel khususnya melayani fashion ritel yang pertama di Indonesia dan sudah berdiri sejak tahun 1958.
Cleaning Service,Yotta Indonesia,06/03/2018,Tuna Rungu,Full Time,P/L,14/06/2018,"Palu, Sulawesi Tengah","Anda akan menjaga kebersihan dan kerapihan di area kerja atau lingkungan tertentu. Anda akan bertanggung jawab untuk membersihkan dan merawat kebersihan ruang, peralatan, dan fasilitas, menciptakan lingkungan yang sehat dan nyaman bagi penghuni atau pengguna area tersebut.",Kemampuan untuk mengikuti instruksi dengan baik dan beradaptasi dengan perubahan jadwal atau prioritas pembersihan. Mampu bekerja secara mandiri atau dalam tim dengan baik.,"1,7 - 2 jt/bln","Yotta Indonesia adalah gerai minuman yang menyediakan segala jenis minuman kekinian menggunakan produk yang halal, inovatif, healthy, fun dan ramah lingkungan dengan harga yang terjangkau."
Jasa Ketik,Komputer Abadi,07/03/2018,Cacat Kaki/Tuna Rungu,Full Time,P/L,15/06/2018,"Pringsewu, Lampung","Anda akan mengetik teks atau dokumen sesuai dengan petunjuk yang diberikan. Anda dapat bekerja secara mandiri atau di bawah supervisi, dan memastikan akurasi dan kecepatan dalam mengetik.",Keterampilan menggunakan perangkat lunak pengolah kata dan spreadsheet. Keterampilan organisasi dan fokus terhadap detail.,"1,5 - 2 jt/bln","Perusahaan Komputer Abadi menerima order cetak dari penerbit dan melakukan kegiatan pracetak, cetak dan pascacetak."
Admin Sosmed,Probolinggo Terkini,08/03/2018,Tuna Rungu/Cacat Kaki,Full Time,P/L,16/06/2018,"Probolinggo, Jawa Timur","Anda bertanggung jawab untuk menyusun dan mengimplementasikan strategi media sosial, berinteraksi dengan audiens, serta memantau dan melaporkan kinerja kampanye online.",Kemampuan multitasking dan manajemen waktu yang baik. Komunikasi yang efektif dan kemampuan beradaptasi dengan cepat terhadap perubahan.,2 jt/bln,"Probolinggo terkini adalah media online ialah segala jenis atau format media yg hanya bisa diakses melalui koneksi internet yg berisikan teks, foto, video, serta bunyi (audio). "
Seniman,Jepara Kayu,09/03/2018,Cacat Kaki/Tuna Rungu,Full Time,P/L,17/06/2018,"Serang, Banten","Anda akan menciptakan karya seni tiga dimensi yang memanfaatkan keindahan dan tekstur kayu. Tugas utama Anda melibatkan perencanaan desain, pemilihan kayu yang sesuai, dan penggunaan alat pahat untuk membentuk karya seni yang unik dan ekspresif.",Kemampuan menghasilkan karya seni dengan detail tinggi dan keahlian dalam menggunakan berbagai alat kerajinan kayu. Kreativitas tinggi dan kemampuan untuk mengembangkan konsep desain yang unik.,4 - 5 jt/bln,"Pusat kerajinan ukir kayu yang terkenal di daerah Jawa Tengah ada di Kabupaten Jepara. Ya, Jepara terkenal sebagai pusat bisnis kayu."
Buruh Pabrik,PT. Biji Coklat Kering,10/03/2018,Tuna Rungu/Cacat Kaki,Part Time,P/L,18/06/2018,"Siak, Riau","Anda akan menjadi bagian integral dari proses produksi di pabrik. Tugas utama Anda melibatkan pekerjaan fisik dalam lingkungan pabrik, termasuk operasi mesin, penanganan bahan baku, dan menjaga alur produksi berjalan lancar.",Kepatuhan terhadap prosedur keamanan dan kebersihan pabrik.Kemampuan untuk bekerja dalam tim dengan baik dan mematuhi jadwal kerja.,"3,5 - 5 jt/bln",PT. Biji Coklat kering adalah salah satu dari sedikit perusahaan di Indonesia yang membuat kakao dan cokelat mulai dari biji hingga produk jadi.
Kuli Panggul,Pasar Sandang Tegalgubug,11/03/2018,Tuna Rungu,Part Time,P/L,19/06/2018,"Cirebon, Jawa Barat",Mengangkut barang dagangan dari truk atau gudang ke area penjualan di pasar. Menata barang dagangan dengan rapi sesuai dengan standar yang ditetapkan. Membantu dalam mempersiapkan area penjualan sebelum dan sesudah jam operasional pasar.,Memiliki kemampuan fisik yang baik untuk mengangkat dan memindahkan barang-barang dengan berat yang diberikan. Mampu bekerja dalam lingkungan yang ramai dan berinteraksi dengan pelanggan serta rekan kerja dengan baik.,"1,5 - 2 jt/bln","Pasar Tegal Gubug yang berada di Desa Tegal Gubug, Kabupaten Cirebon, selalu ramai dikunjungi para pembeli, baik grosiran maupun eceran. "
Pustakawan,Perpustakaan Bone Media,12/03/2018,Cacat Tangan/Cacat Kaki,Part Time,P/L,20/06/2018,"Tabanan, Bali","Anda akan mengelola dan menyelenggarakan koleksi perpustakaan, memberikan bantuan kepada pengunjung dalam menemukan sumber informasi, serta menjaga keberlanjutan dan keteraturan operasional perpustakaan.",Memiliki pengetahuan yang kuat dalam manajemen perpustakaan dan sistem pengelolaan koleksi. Kemampuan komunikasi yang baik dan keterampilan dalam membantu pengguna perpustakaan dengan baik.,"1,8 - 2,5 jt/bln",Perpustakaan Bone Media didalamnya berisi berbagai sumber informasi untuk dibaca dan dapat juga digunakan untuk sebagai sumber belajar oleh permustaka itu sendiri.
Kasir ACE Hardware,ACE Hardware,13/03/2018,Cacat Kaki,Full Time,P/L,21/06/2018,"Surabaya, Jawa Timur",Anda akan melakukan transaksi keuangan dengan pelanggan dan memberikan pelayanan pelanggan yang ramah dan efisien.,Kemampuan komunikasi yang baik dan ramah terhadap pelanggan. Kemampuan mengoperasikan peralatan kasir atau kemampuan belajar dengan cepat dalam menggunakan sistem kasir.,2 - 3 jt/bln,PT ACE Hardware Indonesia Tbk. didirikan pada 1995 dan bergerak di bidang usaha perlengkapan rumah tangga dan gaya hidup.
Kasir Hypermart,Hypermart,14/03/2018,Cacat Kaki,Full Time,P/L,22/06/2018,"Semarang, Jawa Tengah",Anda akan melakukan transaksi keuangan dengan pelanggan dan memberikan pelayanan pelanggan yang ramah dan efisien.,Keterampilan matematika dasar untuk menghitung transaksi dengan akurat. Kemampuan bekerja dengan baik dalam tim dan dalam lingkungan yang sibuk.,2 - 3 jt/bln,"Hypermart adalah sebuah jaringan hipermarket di Indonesia yang dimiliki oleh PT Matahari Putra Prima Tbk. Meliputi 100 gerai (2021), Hypermart menyatakan dirinya sebagai ritel modern yang menargetkan kelas menengah yang berkembang."
Guru Les,Bimbingan JILC Center,15/03/2018,Cacat Kaki/Cacat Tangan,Full Time,P/L,23/06/2018,"Tabanan, Bali","Anda akan bertanggung jawab memberikan bimbingan dan pengajaran intensif kepada siswa dalam mata pelajaran yang terkait. Tugas utama Anda melibatkan penyusunan materi pembelajaran, memberikan penjelasan konsep, mengembangkan keterampilan analisis, dan memotivasi siswa agar dapat memahami dan mengaplikasikan pengetahuan mereka.","Gelar sarjana dalam bidang terkait atau sertifikasi yang relevan. Pengalaman mengajar atau mentoring yang terbukti, terutama dengan siswa di usia yang bervariasi.",4- 5 jt/bln,"JILC merupakan Bimbingan Belajar yang telah 31 tahun berkiprah meluluskan siswa masuk PTN. Saat ini telah membimbing ribuan siswa dari semua tingkatan kelas, mulai dari SD, SMP, SMA, sampai Alumni. JILC juga membuka kelas Kedinasan yang saat nii menjadi incaran siswa masuk ke kampus kedinasan."
Call Center,Satria Cell,16/03/2018,Cacat Kaki,Full Time,P/L,24/06/2018,"Badung, Bali","Anda akan menjadi perwakilan utama perusahaan dalam berkomunikasi dengan pelanggan. Tugas utama Anda adalah menangani panggilan masuk dan keluar, memberikan layanan pelanggan yang unggul, dan memastikan penyelesaian yang memuaskan bagi pertanyaan atau masalah pelanggan.",Penguasaan dalam penggunaan sistem telepon dan perangkat lunak call center. Kemampuan berbicara dalam bahasa asing (jika diperlukan untuk posisi tertentu).,"2,5 - 3 jt/bln",Toko Satria Cell merupakan toko yang bergerak di bidang penjualan handphone dan service ponsel.
Penerjemah Bahasa Isyarat,TVOne,17/03/2018,Cacat Kaki,Full Time,P/L,25/06/2018,"Badung, Bali","Anda akan bertanggung jawab untuk menerjemahkan informasi, komunikasi, dan instruksi dalam bahasa isyarat untuk memfasilitasi komunikasi yang efektif antara individu dengan gangguan pendengaran dan lingkungan sekitarnya. ",Kemahiran lisan dan tulisan yang sangat baik dalam bahasa isyarat. Pengalaman terbukti sebagai penerjemah atau pengalaman kerja dalam bidang terkait akan menjadi nilai tambah.,3 - 4 jt/bln,"TV One (sebelumnya bernama Lativi) adalah sebuah stasiun televisi nasional di Indonesia. Berawal dari penggunaan nama Lativi, stasiun televisi ini didirikan pada tanggal 30 Juli 2002 oleh Abdul Latief dan dimiliki oleh ALatief Corporation."
Pramusaji,RM. Buguri Bajoe,18/03/2018,Tuna Rungu,Full Time,P/L,26/06/2018,"Bone, Sulawesi Selatan","Anda bertanggung jawab untuk memberikan pelayanan pelanggan yang ramah dan profesional. Anda akan menjadi perwakilan perusahaan di depan pelanggan, membantu mereka memilih menu, melayani pesanan, dan memastikan pengalaman makan yang menyenangkan.",Pengalaman kerja di bidang perhotelan atau restoran akan menjadi nilai tambah. Kemampuan komunikasi yang baik dan dapat berinteraksi dengan ramah terhadap pelanggan.,3 - 4 jt,"Rumah Makan Buguri Bajoe menyediakan makanan hasil laut atau seafood merupakan sumber makanan yang kaya akan protein dan omega-3. Berbagai jenis ikan, udang, kepiting, tiram, dan kerang adalah beberapa contoh seafood yang sering dijumpai."
Kasir IKEA,IKEA,19/03/2018,Cacat Kak,Full Time,P/L,27/06/2018,"Surabaya, Jawa Timur",Anda akan melakukan transaksi keuangan dengan pelanggan dan memberikan pelayanan pelanggan yang ramah dan efisien.,Kemampuan bekerja dengan baik dalam tim dan dalam lingkungan yang sibuk. Keterampilan multitasking dan ketelitian dalam menangani uang dan transaksi.,2 - 3 jt/bln,"IKEA merupakan perusahaan ritel multinasional perabotan rumah tangga dari Swedia. Di Indonesia sendiri IKEA berada di daerah Alam Sutera, kota Tangerang, Banten. Produk-produk dengan desain menarik, cara membeli yang unik, harga yang relatif murah, dan dapat dirakit sendiri menjadi daya tarik tersendiri."
Cleaning Service,RS. Hapsah,20/03/2018,Tuna Rungu,Full Time,P/L,28/06/2018,"Bone, Sulawesi Selatan","Anda akan menjaga kebersihan dan kerapihan di area kerja atau lingkungan tertentu. Anda akan bertanggung jawab untuk membersihkan dan merawat kebersihan ruang, peralatan, dan fasilitas, menciptakan lingkungan yang sehat dan nyaman bagi penghuni atau pengguna area tersebut.","Kemampuan untuk melakukan tugas pembersihan dengan teliti dan efisien. Memiliki keuletan dan keterampilan dalam menggunakan peralatan pembersihan seperti vakum, sapu, penggosok, dan pembersih lainnya.","1,7 - 2 jt/bln",Rumah Sakit Hapsah adalah Rumah Sakit Swasta pertama di Kabupaten Bone yang senantiasa mengutamakan kedisiplinan untuk mewujudkan pengabdian kami dalam bidang kesehatan dan akan terus berupaya demi kesembuhan dan kepuasan pasien.
Jasa Ketik,Percetakan Agung,21/03/2018,Cacat Kaki/Tuna Rungu,Part Time,P/L,29/06/2018,"Badung, Bali","Anda akan mengetik teks atau dokumen sesuai dengan petunjuk yang diberikan. Anda dapat bekerja secara mandiri atau di bawah supervisi, dan memastikan akurasi dan kecepatan dalam mengetik.",Kemampuan mengetik cepat (minimal 50 kata per menit). Ketelitian yang tinggi dalam memasukkan data.,"1,5 - 2 jt/bln",Percetakan Agung  bergerak dalam bidang percetakan Offset & Printing dengan menawarkan pelayanan untuk segala jenis Cetakan serta Media promosi.
Admin Sosmed,Cocoa Powder,22/03/2018,Tuna Rungu/Cacat Kaki,Full Time,P/L,30/06/2018,"Kudus, Jawa Tengah","Anda bertanggung jawab untuk menyusun dan mengimplementasikan strategi media sosial, berinteraksi dengan audiens, serta memantau dan melaporkan kinerja kampanye online.",Pengalaman dalam mengelola akun media sosial perusahaan atau pengalaman relevan sejenis. Pemahaman yang baik mengenai platform media sosial dan tren terbaru dalam media sosial.,2 jt/bln,"Cocoa powder adalah bubuk coklat yang dihasilkan dari proses pengolahan biji kakao, mulai dari tahap fermentasi hingga penggilingan."
Seniman,Gallery Photo inc.,23/03/2018,Cacat Kaki/Cacat Tangan/Tuna Rungu,Part Time,P/L,01/07/2018,"Purwodadi, Jawa Tengah","Anda akan bertanggung jawab atas pembuatan karya seni visual yang menarik dan menginspirasi melalui medium fotografi. Anda akan bekerja untuk membuat karya-karya yang unik dan orisinal, mempresentasikannya dalam galeri dan pameran, serta berkolaborasi dengan tim kreatif untuk mengembangkan ide dan konsep yang inovatif.","Pengalaman yang terbukti dalam fotografi, terutama dalam konteks seni visual dan pameran galeri. Keahlian yang kuat dalam teknik fotografi dan penggunaan peralatan fotografi modern.",4 - 5 jt/bln,Pusat Gallery Photo Inc. tersebut memiliki fungsi sebagai wadah untuk berkumpulnya komunitas pecinta fotografi serta menampung kegiatan lain seperti sekolah nonformal.
Buruh Pabrik,Aneka Beton Prima,24/03/2018,Tuna Rungu,Part Time,P/L,02/07/2018,"Maros, Sulawesi Selatan","Anda akan menjadi bagian integral dari proses produksi di pabrik. Tugas utama Anda melibatkan pekerjaan fisik dalam lingkungan pabrik, termasuk operasi mesin, penanganan bahan baku, dan menjaga alur produksi berjalan lancar.",Kemampuan fisik untuk melakukan tugas-tugas fisik yang berat seperti mengangkat dan memindahkan barang-barang. Kepatuhan terhadap prosedur keamanan dan kebersihan pabrik.,"3,5 - 5 jt/bln","Aneka Beton Prima PT Div Concrete berlokasi Makassar, Indonesia. Perusahaan ini berkecimpung dalam aktivitas bisnis Material Bangunan."
Kuli Panggul,Toko Bangunan Syafiqah,25/03/2018,Tuna Rungu,Full Time,P/L,03/07/2018,"Bone, Sulawesi Selatan","Anda akan melakukan pekerjaan fisik yang melibatkan pemindahan, pengangkatan, dan penataan bahan material bangunan. Anda akan bekerja di bawah pengawasan pemilik Toko Syafiqah, membantu memastikan bahwa material dan peralatan ditempatkan dengan benar untuk diangkut ke konsumen.",Kemampuan fisik untuk melakukan tugas-tugas fisik yang berat seperti mengangkat dan memindahkan barang-barang di toko bangunan. Kepatuhan terhadap prosedur keamanan dan kebersihan toko.,"1,5 - 2 jt/bln",Toko bahan bangunan ini adalah sebuah usaha yang menyediakan berbagai macam bahan atau material bangunan.
Pustakawan,Perpustakaan Pusat,26/03/2018,Tuna Rungu/Cacat Kaki,Part Time,P/L,04/07/2018,"Makassar, Sulawesi Selatan","Anda akan mengelola dan menyelenggarakan koleksi perpustakaan, memberikan bantuan kepada pengunjung dalam menemukan sumber informasi, serta menjaga keberlanjutan dan keteraturan operasional perpustakaan.",Kemampuan komunikasi yang baik dan keterampilan dalam membantu pengguna perpustakaan dengan baik. Mengerti tentang katalogisasi dan pengindeksan buku serta sistem penjagaan arsip,"1,8 - 2,5 jt/bln","Sebagai unit kerja yang bergerak di bidang pelayanan jasa, perpustakaan memberikan informasi kepada para pengguna jasanya atau pemustaka melalui kumpulan bahan pustaka yang menjadi koleksi perpustakaan dan terdapat di gedung perpustakaan."
Kasir MR.DIY,MR. DIY,27/03/2018,Cacat Kaki,Full Time,P/L,05/07/2018,"Nunukan, Kalimantan Utara",Anda akan melakukan transaksi keuangan dengan pelanggan dan memberikan pelayanan pelanggan yang ramah dan efisien.,Kemampuan mengoperasikan peralatan kasir atau kemampuan belajar dengan cepat dalam menggunakan sistem kasir. Keterampilan matematika dasar untuk menghitung transaksi dengan akurat.,2 - 3 jt/bln,"MR DIY adalah retail peralatan rumah dan aksesoris yang berbasis di Malaysia. Perusahaan MR DIY Group juga mengoperasikan toko MR DIY, MR TOY, MR DOLLAR dan DIY Express."
Kasir Lotte Mart,Lotte Mart,28/03/2018,Cacat Kaki,Full Time,P/L,06/07/2018,"Pancoran, Jakarta Selatan",Anda akan melakukan transaksi keuangan dengan pelanggan dan memberikan pelayanan pelanggan yang ramah dan efisien.,Kemampuan bekerja dengan baik dalam tim dan dalam lingkungan yang sibuk. Keterampilan multitasking dan ketelitian dalam menangani uang dan transaksi.,2 - 3 jt/bln,"Perusahaan ritel kenamaan Korea Selatan, LOTTE Grosir dan LOTTE MART, yang merupakan bagian dari LOTTE GROUP, perusahaan Korea pertama yang melakukan penetrasi pasar dalam industri wholesale dan ritel di Indonesia."
Guru Les,BelajarOnline,29/03/2018,Cacat Tangan/Cacat Kaki,Part Time,P/L,07/07/2018,"Lebak, Banten","Anda akan bertanggung jawab untuk memberikan bimbingan dan pengajaran intensif kepada siswa dalam mata pelajaran. Tugas utama Anda melibatkan penyusunan materi pembelajaran, memberikan penjelasan konsep, mengevaluasi kemajuan siswa, dan memotivasi mereka untuk meraih kesuksesan akademis.","Kemampuan untuk menyesuaikan metode pengajaran sesuai dengan gaya belajar siswa. Kesabaran, dedikasi, dan motivasi untuk meningkatkan hasil belajar siswa.",4- 5 jt/bln,"BelajarOnline dilakukan secara online, menggunakan aplikasi pembelajaran maupun jejaring sosial. Pembelajaran daring merupakan pembelajaran yang dilakukan tanpa melakukan tatap muka, tetapi melalui platform yang telah tersedia."
Call Center,Bank Permata Tbk.,30/03/2018,Cacat Kaki,Full Time,P/L,08/07/2018,"Lebak, Banten","Anda akan menjadi perwakilan utama perusahaan dalam berkomunikasi dengan pelanggan. Tugas utama Anda adalah menangani panggilan masuk dan keluar, memberikan layanan pelanggan yang unggul, dan memastikan penyelesaian yang memuaskan bagi pertanyaan atau masalah pelanggan.",Kemampuan komunikasi yang baik dalam bahasa yang sesuai dengan kebutuhan perusahaan. Kemampuan multitasking dan menangani panggilan dalam lingkungan yang sibuk.,"2,5 - 3 jt/bln","PT Bank Permata Tbk merupakan perusahaan yang berbasis di Indonesia yang bergerak dalam sektor perbankan korporat. Perusahaan ini juga bergerak dalam perbankan retail. Selain perbankan konvensional, perusahaan ini juga menawarkan layanan perbankan Syariah."
Penerjemah,Net TV,31/03/2018,Cacat Kaki,Part Time,P/L,09/07/2018,"Nunukan, Kalimatan Utara","Anda akan bertanggung jawab untuk menerjemahkan teks tertulis dan lisan dari bahasa Jepang ke bahasa Indonesia atau sebaliknya, serta dari bahasa Korea ke bahasa Indonesia atau sebaliknya. Tugas utama Anda melibatkan keahlian dalam bahasa target, pemahaman konteks, dan ketelitian dalam menyampaikan makna yang akurat.",Penguasaan penggunaan perangkat lunak terkait dengan terjemahan dan alat bantu penerjemahan adalah nilai tambah. Fleksibilitas dalam menyesuaikan gaya bahasa dengan konteks dan audiens yang dituju.,3 - 4 jt/bln,NET TV singkatan dari News and Entertainment Television) adalah sebuah jaringan televisi swasta nasional di Indonesia yang dimiliki oleh Indika Group melalui Net Visi Media.
Pramusaji,Restoran Omah,01/04/2018,Tuna Rungu,Full Time,P/L,10/07/2018,"Purwodadi, Jawa Tengah","Anda bertanggung jawab untuk memberikan pelayanan pelanggan yang ramah dan profesional. Anda akan menjadi perwakilan perusahaan di depan pelanggan, membantu mereka memilih menu, melayani pesanan, dan memastikan pengalaman makan yang menyenangkan.",Keterampilan multitasking yang baik. Tingkat energi dan motivasi yang tinggi. Kepatuhan terhadap standar kebersihan dan keamanan makanan.,3 - 4 jt,"Restoran Omah berkonsep kuliner tradisional Indonesia yang berlokasi di kota Jawa tengah, menghadirkan aneka hidangan kuliner dan minuman di seluruh Indonesia. Menyajikan ragam menu pilihan yang cocok untuk berbagi momen bersama orang-orang tersayang. "
Kasir Toko,KFC Indonesia,02/04/2018,Cacat Kaki/Tuna Rungu,Part Time,P/L,11/07/2018,"Makassar, Sulawesi Selatan",Anda akan melakukan transaksi keuangan dengan pelanggan dan memberikan pelayanan pelanggan yang ramah dan efisien.,Kemampuan bekerja dengan baik dalam tim dan dalam lingkungan yang sibuk. Keterampilan multitasking dan ketelitian dalam menangani uang dan transaksi.,2 - 3 jt/bln,KFC Â® merupakan salah satu bisnis terbesar global industri pelayanan makanan dan secara luas dikenal di seluruh dunia sebagai wajah Colonel Sanders.
Cleaning Service,PT. Asuransi Jasa Indonesia,03/04/2018,Tuna Rungu,Full Time,P/L,12/07/2018,"Maros, Sulawesi Selatan","Anda akan menjaga kebersihan dan kerapihan di area kerja atau lingkungan tertentu. Anda akan bertanggung jawab untuk membersihkan dan merawat kebersihan ruang, peralatan, dan fasilitas, menciptakan lingkungan yang sehat dan nyaman bagi penghuni atau pengguna area tersebut.","Kemampuan untuk melakukan tugas pembersihan dengan teliti dan efisien. Memiliki keuletan dan keterampilan dalam menggunakan peralatan pembersihan seperti vakum, sapu, penggosok, dan pembersih lainnya.","1,7 - 2 jt/bln",PT. Asuransi Jasa Indonesia adalah satu-satunya badan usaha milik negara (BUMN) yang bergerak di bidang usaha asuransi kerugian umum.
Jasa Ketik,Fajar News,04/04/2018,Cacat Kaki/Tuna Rungu/Tuna Netra,Full Time,P/L,13/07/2018,"Badung, Bali","Anda akan mengetik teks atau dokumen sesuai dengan petunjuk yang diberikan. Anda dapat bekerja secara mandiri atau di bawah supervisi, dan memastikan akurasi dan kecepatan dalam mengetik.",Keterampilan organisasi dan fokus terhadap detail. Komunikasi yang baik dan kemampuan bekerja dalam tim.,"1,5 - 2 jt/bln","Media Fajar Koran sebagai portal berita online dari Koran Fajar, yang merupakan koran terbesar di Indonesia Timur."
Admin Sosmed,Boutique IvanG,05/04/2018,Tuna Rungu/Cacat Kaki,Full Time,P/L,14/07/2018,"Denpasar, Bali","Anda bertanggung jawab untuk menyusun dan mengimplementasikan strategi media sosial, berinteraksi dengan audiens, serta memantau dan melaporkan kinerja kampanye online.",Berkolaborasi dengan tim pemasaran untuk menyelaraskan kampanye dan strategi pemasaran. Menyusun laporan kinerja media sosial secara berkala.,2 jt/bln,Boutique IvanG merupakan semi butik eksklusif yang menyediakan busana muslim perempuan dengan koleksi yang lebih eksklusif dan pelayanan yang lebih bintang lima.
Seniman Lukisan,Cimahi Collection,06/04/2018,Cacat Kaki/Cacat Tangan/Tuna Rungu,Part Time,P/L,15/07/2018,"Purwodadi, Jawa Tengah",Anda akan bertanggung jawab untuk menciptakan karya seni yang unik dan orisinal menggunakan berbagai teknik lukisan. Anda akan bekerja dengan berbagai media dan gaya lukisan untuk menghasilkan karya yang memukau dan memiliki nilai artistik yang tinggi.,"Kemampuan artistik yang kuat dalam seni lukis dengan portofolio karya yang menunjukkan keahlian dan gaya pribadi. Pemahaman yang baik tentang teknik, media, dan material lukisan.",4 - 5 jt/bln,"Cimahi Collection adalah perusahaan yg bergerak dibidang karya seni. Kami menjual berbagai karya seni seperti, lukisan, kristal, mebel, barang antik, sovenir dll."
Buruh Pabrik,PT. Asia  Karet Tropical,07/04/2018,Tuna Rungu,Full Time,P/L,16/07/2018,"Trenggalek, Jawa Timur","Anda akan menjadi bagian integral dari proses produksi di pabrik. Tugas utama Anda melibatkan pekerjaan fisik dalam lingkungan pabrik, termasuk operasi mesin, penanganan bahan baku, dan menjaga alur produksi berjalan lancar.",Tidak memiliki alergi terhadap produk atau bahan-bahan terkait. Kemampuan untuk bekerja dalam lingkungan pabrik yang berisik dan mungkin memiliki suhu berubah-ubah.,"3,5 - 5 jt/bln","PT Asia Karet Tropical merupakan perusahaan karet alam terintegrasi, pelopor dalam produksi karet alam berkelanjutan. "
Kuli Panggul,Bosowa Group,08/04/2018,Tuna Rungu,Full Time,P/L,17/07/2018,"Blora, Jawa Tengah","Anda akan melakukan pekerjaan fisik yang melibatkan pemindahan, pengangkatan, dan penataan bahan konstruksi atau material bangunan. Anda akan bekerja di bawah pengawasan untuk membantu memastikan bahwa material dan peralatan ditempatkan dengan benar.",Memiliki kemampuan untuk mengikuti instruksi dengan baik. Memiliki kesadaran akan pentingnya keselamatan dalam lingkungan kerja.,"1,5 - 2 jt/bln","Bosowa  Group merupakan perusahaan induk dari belasan kegiatan usaha, mulai dari keuangan, properti, semen, hingga energi"
Pustakawan,Perpustakaan Cita Harapan,09/04/2018,Tuna Rungu/Cacat Kaki,Part Time,P/L,18/07/2018,"Wajo, Sulawesi Selatan","Anda akan mengelola dan menyelenggarakan koleksi perpustakaan, memberikan bantuan kepada pengunjung dalam menemukan sumber informasi, serta menjaga keberlanjutan dan keteraturan operasional perpustakaan.",Memelihara katalog dan sistem pencarian untuk memudahkan akses ke koleksi. Menjaga kebersihan dan keteraturan lingkungan perpustakaan.,"1,8 - 2,5 jt/bln","Institusi yang mengumpulkan pengetahuan tercetak dan terekam, mengelolanya dengan cara khusus guna memenuhi kebutuhan intelektualitas para penggunanya melalui beragam cara interaksi pengetahuan."
Kasir,MCD Indonesia,10/04/2018,Tuna Rungu/Cacat Kaki,Part Time,P/L,19/07/2018,"Denpasar, Bali",Anda akan melakukan transaksi keuangan dengan pelanggan dan memberikan pelayanan pelanggan yang ramah dan efisien.,Kemampuan komunikasi yang baik dan ramah terhadap pelanggan. Kemampuan mengoperasikan peralatan kasir atau kemampuan belajar dengan cepat dalam menggunakan sistem kasir.,2 - 3 jt/bln,"McDonald's merupakan restoran fast food terbesar di dunia yang diawali pada tahun 1955 di California, Amerika Serikat."
Kasir,Richeese Factory,11/04/2018,Tuna Rungu/Cacat Tangan/Cacat Kaki,Part Time,P/L,20/07/2018,"Purwodadi, Jawa Tengah",Anda akan melakukan transaksi keuangan dengan pelanggan dan memberikan pelayanan pelanggan yang ramah dan efisien.,Kemampuan bekerja dengan baik dalam tim dan dalam lingkungan yang sibuk. Keterampilan multitasking dan ketelitian dalam menangani uang dan transaksi.,2 - 3 jt/bln,PT Richeese Kuliner Indonesia bergerak di bidang bisnis Quick Service Restaurant (QSR). Perusahaan ini memiliki sejumlah food chain. Dengan mengusung merek Richeese Factory yang memiliki menu khas cita rasa keju. Kekhasan lain yang di tonjolkan adalah sensasi pedas dengan beragam tingkatan.
Sales person,Gucci Fashion,12/04/2018,Cacat Tangan/Cacat Kaki,Full Time,P/L,21/07/2018,"Grobogan, Jawa Tengah","Anda akan menjadi duta penjualan perusahaan dan bertanggung jawab untuk mempromosikan dan menjual produk atau layanan kepada pelanggan potensial. Tugas utama Anda mencakup membangun hubungan dengan pelanggan, mengidentifikasi kebutuhan mereka, dan memberikan solusi yang sesuai.",Pengalaman dalam penjualan atau layanan pelanggan diinginkan tetapi tidak diwajibkan. Kemampuan komunikasi yang baik dan persuasif untuk menjelaskan produk atau layanan kepada pelanggan.,4- 5 jt/bln,"Gucci Indonesia adalah sebuah perusahaan fashion yang berasal dari Milan, Italia. Merek ini didirikan pada tahun 1921."
Manajer Akun Marketing,Go Mobile ,13/04/2018,Cacat Tangan/Cacat Kaki,Full Time,P/L,22/07/2018,"Kudus, Jawa Tengah","Anda akan menjadi penghubung utama antara perusahaan dan klien dalam konteks strategi pemasaran. Tugas utama Anda mencakup merancang, mengelola, dan melaksanakan kampanye pemasaran untuk memenuhi tujuan klien.","Gelar sarjana di bidang pemasaran, komunikasi, atau bidang terkait. Pemahaman yang kuat tentang strategi pemasaran, analisis pasar, dan pengetahuan yang mendalam tentang industri terkait.","5,5 - 6 jt/bln",Go Mobile memiliki fitur-fitur yang memungkinkan nasabah bisa melakukan berbagai aktivitas dan transaksi perbankan tanpa harus keluar rumah.
Manajer Proyek,Turner Construction,14/04/2018,Cacat Tangan/Cacat Kaki,Full Time,P/L,23/07/2018,"Blora, Jawa Tengah","Anda akan menjadi pemimpin dalam merencanakan, melaksanakan, dan menyelesaikan proyek dengan sukses. Tugas utama Anda mencakup mengelola tim, sumber daya, anggaran, dan jadwal proyek untuk memastikan pencapaian tujuan sesuai dengan spesifikasi yang ditentukan.","Kemampuan kepemimpinan yang kuat untuk mengarahkan dan menginspirasi tim. Kemampuan perencanaan, pengorganisasian, dan pengelolaan anggaran proyek.",7 - 8 jt/bln,Turner Construction adalah sebuah perusahaan konstruksi asal Amerika yang eksis di 20 negara. Perusahaan ini adalah anak usaha dari Hochtief asal Jerman.
Insinyur Sipil,Bechtel Corporation,15/04/2018,Cacat Tangan/Cacat Kaki,Full Time,P/L,24/07/2018,"Buleleng, Bali","Anda akan menjadi profesional yang merancang, mengelola, dan mengawasi proyek-proyek konstruksi dan infrastruktur. Tugas utama Anda mencakup perencanaan, perancangan, serta pengawasan pelaksanaan proyek untuk memastikan keberhasilan dalam hal kualitas, keamanan, dan keberlanjutan.","Memiliki pengetahuan yang kuat dalam perencanaan, desain, dan pengawasan konstruksi. Kemampuan menggunakan perangkat lunak dan aplikasi teknik sipil terkait.",13 - 14 jt/bln,"Bechtel Corporation adalah sebuah perusahaan EPC dan manajemen proyek yang berkantor pusat di Reston, Virginia. Bechtel adalah perusahaan konstruksi."
Cyber Security Analyst,Tesla,16/04/2018,Tuna Rungu/Cacat Tangan/Cacat Kaki,Full Time,P/L,25/07/2018,"Grobogan, Jawa Tengah","Anda akan berperan dalam melindungi sistem komputer dan jaringan dari ancaman keamanan siber. Tugas utama Anda mencakup pemantauan keamanan, deteksi insiden, dan merancang serta menerapkan langkah-langkah keamanan untuk melindungi data dan sistem perusahaan.",Kemampuan menganalisis data untuk mendeteksi ancaman keamanan dan meresponsnya dengan cepat. Keterampilan dalam melakukan penilaian risiko keamanan dan mengembangkan strategi mitigasi.,20 - 30 jt/bln,"Tesla, Inc. merupakan perusahaan yang merancang, mengembangkan, memproduksi, memasarkan, dan menyewakan kendaraan serba listrik."
Software Developer,IBM,17/04/2018,Tuna Rungu/Cacat Tangan/Cacat Kaki,Full Time,P/L,26/07/2018,"Purwodadi, Jawa Tengah","Anda akan menjadi bagian dari tim yang merancang, mengembangkan, dan memelihara perangkat lunak untuk memenuhi kebutuhan bisnis atau klien. Tugas utama Anda mencakup penulisan kode, pengujian, dan pemeliharaan perangkat lunak agar tetap efisien dan sesuai dengan persyaratan.","Pemahaman yang kuat tentang bahasa pemrograman seperti Java, Python, C++, atau bahasa pemrograman lainnya. Keterampilan analitis yang baik dan kemampuan untuk memecahkan masalah dengan baik.","1,7 - 2 jt/bln","IBM adalah perusahaan teknologi informasi terbesar di dunia, dan salah satu yang terus berlanjut dari abad 19. Perusahaan ini memiliki teknisi dan konsultan di lebih dari 170 negara dan laboratorium pengembangan yang berlokasi di seluruh dunia."
Administrator Jaringan,Google,18/04/2018,Tuna Rungu/Cacat Tangan/Cacat Kaki,Full Time,P/L,27/07/2018,"Purwodadi, Jawa Tengah","Anda akan bertanggung jawab untuk merencanakan, mengelola, dan memelihara infrastruktur jaringan perusahaan. Tugas utama Anda mencakup instalasi perangkat keras dan perangkat lunak jaringan, pemantauan kinerja, serta memastikan keamanan dan ketersediaan jaringan.","Kemampuan untuk mengelola perangkat keras jaringan, seperti router, switch, dan firewall. Keahlian dalam konfigurasi dan pemecahan masalah perangkat lunak jaringan, termasuk sistem operasi jaringan.",25 - 30 jt/bln,"Google LLC adalah sebuah perusahaan multinasional Amerika Serikat yang berkekhususan pada jasa dan produk Internet. Produk-produk tersebut meliputi teknologi pencarian, komputasi web, perangkat lunak, dan periklanan daring. Sebagian besar labanya berasal dari AdWords."
Pengajar Musik,Harmoni Musik Studio,19/04/2018,Tuna Rungu/Cacat Tangan/Cacat Kaki/Tuna Netra,Part Time,P/L,28/07/2018,"Trenggalek, Jawa Timur","Anda akan memiliki tanggung jawab untuk memberikan pelajaran musik kepada murid-murid Anda, membantu mereka mengembangkan keterampilan musik, pemahaman teori musik, dan apresiasi terhadap seni musik. Tugas utama Anda mencakup merancang program pembelajaran, memberikan pelajaran tatap muka atau daring, serta memberikan bimbingan untuk pertunjukan atau penampilan musik.",Kemampuan yang baik dalam memainkan satu atau beberapa instrumen musik. Pengalaman dalam mengajar atau mentoring di bidang musik diutamakan.,4 jt/bln,Harmoni Musik merupakan music center yang berdiri sejak tanggal 1 Maret 2014 dengan menyediakan beberapa aktifitas bermusik.
Produser Musik,Demajors,20/04/2018,Tuna Rungu/Cacat Tangan/Cacat Kaki/Tuna Netra,Full Time,P/L,29/07/2018,"Medan, Sumatera Utara","Anda akan menjadi orang yang bertanggung jawab atas keseluruhan produksi musik, mulai dari perencanaan hingga pelaksanaan. Tugas utama Anda mencakup mengarahkan proses rekaman, berkolaborasi dengan artis dan teknisi, serta mengelola aspek kreatif dan teknis produksi untuk mencapai hasil musik yang berkualitas.","Memiliki kemampuan untuk memproduksi musik, paham dengan nada musik dan aransemen lagu.",4 - 5 jt/bln,"Berdiri sejak tahun 2000, Demajors kini berevolusi menjadi salah satu label idaman untuk artis dan musisi indie Tanah Air. Hingga saat ini, Demajors menaungi artis-artis indie kenamaan seperti Hindia (“Rumah ke Rumah”), Danilla Riyadi (“Buaian”), dan Jakarta Blues Factory (“All I Wanna Do”)."
Penulis,Tereliye Production,21/04/2018,Tuna Rungu/Cacat Kaki/Tuna Netra,Part Time,P/L,30/07/2018,"Medan, Sumatera Utara","Anda akan bertanggung jawab untuk menciptakan konten tertulis yang berkualitas untuk berbagai platform dan keperluan. Tugas utama Anda mencakup penulisan artikel, blog, konten pemasaran, atau materi kreatif lainnya sesuai dengan panduan dan kebutuhan klien atau perusahaan.","Memiliki kemampuan menulis yang baik, menguasai PUEBI dengan terstruktur dan tepat, memiliki kemampuan berkomunikasi yang baik dan cakap.","3,5 - 5 jt/bln","Nama Tere Liye ia gunakan sebagai nama pena yang diambil dari bahasa India dengan arti yang cukup istimewa, “untukmu”. Termakna seperti tiap karya yang diterbitkannya terkhusus “untukmu”."
Editor,RANS Entertainment,22/04/2018,Tuna Rungu/Cacat Kaki,Full Time,P/L,31/07/2018,"Medan, Sumatera Utara","Anda akan memiliki tanggung jawab untuk mengedit dan menyunting naskah atau konten tertulis untuk memastikan kualitas, konsistensi, dan ketepatan. Tugas utama Anda mencakup menyelesaikan proses penyuntingan, memberikan umpan balik konstruktif, dan memastikan bahwa materi yang dihasilkan memenuhi standar bahasa dan gaya yang ditentukan.","Memiliki kemampuan untuk mengedit naskah/video, memiliki kemampuan berkomunikasi yang baik.","2,5 - 5 jt/bln","RANS Entertainment (singkatan dari Raffi Ahmad & Nagita Slavina Entertainment) adalah sebuah badan usaha media hiburan yang memfokuskan diri di platform media sosial, saluran YouTube, rumah produksi, event offline, agensi digital, aktivasi komunitas dan kerja sama branding dengan berbagai kalangan."
Konselor,Hope Haven Counseling,23/04/2018,Cacat Tangan/Cacat Kaki,Part Time,P/L,01/08/2018,"Medan, Sumatera Utara","Anda akan bertanggung jawab untuk memberikan dukungan emosional, psikologis, dan sosial kepada individu atau kelompok yang membutuhkan bantuan. Tugas utama Anda mencakup melakukan sesi konseling, merancang rencana perawatan, dan memberikan dukungan bagi klien untuk mengatasi masalah atau tantangan kehidupan.","Memiliki komunikasi dan kemampuan berinteraksi yang baik dan tepat, memiliki kemampuan untuk memindai gangguan yang diderita pasien.","3,8 - 5,5 jt/bln",Terapis Kesehatan Perilaku menawarkan janji temu Telehealth. Dokumen dapat diisi secara online. Pembayaran online diterima.
Spesialis Pemasaran Digital,NU Shop Skincare,24/04/2018,Cacat Kaki/Tuna Rungu,Full Time,P/L,02/08/2018,"Medan, Sumatera Utara","Anda akan memiliki tanggung jawab untuk merencanakan, mengimplementasikan, dan mengoptimalkan kampanye pemasaran digital untuk meningkatkan visibilitas merek dan mencapai tujuan bisnis. Tugas utama Anda mencakup manajemen kampanye iklan online, strategi media sosial, dan analisis data untuk mengidentifikasi peluang pertumbuhan.","Memiliki kemampuan untuk memasarkan jasa/produk, memiliki komunikasi yang baik, dan memiliki kemampuan bahasa Inggris yang baik.",6 - 9 jt/bln,"NU Shop skincare adalah tempat yang menjual berbagai macam produk perawatan kulit, mulai dari pembersih wajah, toner, serum, pelembab, masker, hingga sunscreen. Toko skincare juga biasanya menyediakan berbagai merek dan jenis produk skincare, baik yang lokal maupun impor, yang bisa disesuaikan dengan kebutuhan dan budget."
Desainer Grafis,Adobe,25/04/2018,Cacat Kaki/Tuna Rungu,Full Time,P/L,03/08/2018,"Medan, Sumatera Utara","Anda akan menjadi kunci dalam menciptakan materi visual yang menarik dan efektif untuk tujuan pemasaran, branding, dan komunikasi. Tugas utama Anda mencakup perancangan grafis, pemilihan elemen desain, dan kerja sama dengan tim kreatif untuk menghasilkan karya yang memenuhi kebutuhan bisnis dan estetika merek.",Memiliki kemampuan untuk mendesain dengan software Adobe serta memiliki kepekaan terhadap kebutuhan masyarakat.,11 - 13 jt/bln,"Adobe Systems adalah perusahaan perangkat lunak yang bergerak di bidang grafis, animasi, video, dan pengembangan web."
Asisten Administratif,Citibank,26/04/2018,Cacat Kaki/Tuna Rungu,Full Time,P/L,04/08/2018,"Medan, Sumatera Utara","Anda akan menjadi tulang punggung administrasi kantor atau tim. Tugas utama Anda mencakup melakukan tugas-tugas administratif, mengelola dokumen, menyusun jadwal, dan memberikan dukungan umum untuk memastikan kelancaran operasional.",Memiliki kemampuan administratif dan kesekretariatan serta memiliki kecakapan dalam berkomunikasi dan berinteraksi.,7 - 9 jt/bln,Citibank Indonesia adalah bank universal yang menawarkan berbagai layanan perbankan ritel dan komersial. Citibank telah hadir di Indonesia sejak 1968 dan merupakan salah satu bank asing terbesar di Indonesia berdasarkan ukuran aset.
Seniman Digital ,Pentagram,27/04/2018,Cacat Kaki/Tuna Rungu,Full Time,P/L,05/08/2018,"Medan, Sumatera Utara","Anda akan bertanggung jawab untuk menciptakan karya seni visual menggunakan perangkat lunak dan alat digital. Tugas utama Anda mencakup pembuatan ilustrasi, desain grafis, atau animasi yang memenuhi kebutuhan proyek atau kampanye pemasaran.",Memiliki kemampuan untuk membuat karya seni secara digital dan menguasai software yang bersangkutan.,25 - 30 jt/bln,"Pentagram adalah perusahaan desain. Didirikan pada tahun 1972, Perusahaan saat ini terdiri dari 24 desainer mitra, masing-masing mengelola tim desainer dan berbagi overhead dan sumber daya staf yang sama. Mitra di setiap kantor berbagi pendapatan secara merata dan semua mitra memiliki bagian yang sama dari total perusahaan."
Tester Perangkat Lunak,Facebook,28/04/2018,Cacat Kaki/Tuna Rungu,Full Time,P/L,06/08/2018,"Medan, Sumatera Utara","Anda akan berperan penting dalam memastikan bahwa perangkat lunak yang dikembangkan berfungsi sesuai dengan spesifikasi dan memenuhi standar kualitas yang ditetapkan. Tugas utama Anda mencakup merancang dan menjalankan pengujian, melaporkan bug, dan berkolaborasi dengan tim pengembang untuk meningkatkan kualitas produk.","Memiliki sifat yang teliti, mengerti sistem perangkat lunak, dan bisa mengoprasikan sistem perangkat lunak. Paham dengan konsep SDLC. ",30 - 40 jt/bln,Facebook merupakan sebuah platform teknologi komputer yang berbasis website dan mobile devices. Facebook sebagai sebuah platform media sosial menawarkan fitur teknologi kepada para pengguna untuk dapat menggunakan dan memanfaatkan secara gratis dan terbuka dalam berbagai kepentingan.
Analisis Data,Nike,29/04/2018,Cacat Tangan,Full Time,P/L,07/08/2018,"Medan, Sumatera Utara","Anda akan berperan dalam mengumpulkan, menganalisis, dan menginterpretasi data untuk memberikan wawasan yang mendukung pengambilan keputusan bisnis. Tugas utama Anda mencakup mengidentifikasi tren, menyusun laporan, dan memberikan pemahaman yang berharga terkait kinerja operasional atau strategi perusahaan.","Memiliki kemampuan untuk membaca data dan grafik, mengalisa data, serta memiliki kemampuan komunikasi dan presentasi yang baik. ",32 - 45 jt/bln,"Nike, Inc. adalah salah satu perusahaan sepatu, pakaian dan alat-alat olahraga Amerika Serikat yang merupakan salah satu yang terbesar di dunia."
Guru ,High School Jakarta,30/04/2018,Cacat Tangan/Cacat Kaki,Full Time,P/L,08/08/2018,"Medan, Sumatera Utara","Anda akan memiliki tanggung jawab utama dalam memberikan instruksi, membimbing, dan membantu perkembangan siswa dalam konteks pendidikan formal. Tugas utama Anda mencakup perencanaan dan penyampaian materi pelajaran, penilaian kinerja siswa, dan interaksi kolaboratif dengan staf sekolah dan orangtua.",Memiliki pendidikan minimal S2 dan menguasai bidang ya dilamar serta memiliki kemampuan komunikasi yang baik.,2 - 3 jt/bln,"High School Jakarta adalah lembaga pendidikan yang berdedikasi untuk memberikan pendidikan berkualitas tinggi di tingkat sekolah menengah. Dengan visi untuk membentuk generasi pemimpin masa depan, High School Jakarta menawarkan lingkungan belajar yang mendukung dan inovatif."
Dosen ,Campus of Java,01/05/2018,Cacat Tangan/Cacat Kaki,Full Time,P/L,09/08/2018,"Medan, Sumatera Utara","Anda akan memiliki peran kunci dalam memberikan pendidikan tinggi, melakukan penelitian, dan memberikan kontribusi kepada pengembangan kurikulum. Tugas utama Anda mencakup memberikan kuliah, membimbing mahasiswa, dan berpartisipasi dalam kegiatan akademis serta administratif di institusi pendidikan.",Memiliki pendidikan minimal S2 dan menguasai bidang ya dilamar serta memiliki kemampuan komunikasi yang baik.,17 - 20 jt/bln,"Campus of Java adalah perusahaan yang berkomitmen untuk mengubah paradigma pendidikan melalui inovasi dan teknologi. Didirikan dengan semangat untuk menciptakan lingkungan belajar yang dinamis dan inklusif, Campus of Java menjadi pusat unggulan untuk pengembangan potensi mahasiswa."
Musisi,Virtuoso Music Institute,02/05/2018,Cacat Tangan/Cacat Kaki,Full Time,P/L,10/08/2018,"Medan, Sumatera Utara","Anda akan menjadi seniman yang menciptakan dan memainkan musik untuk hiburan atau pementasan. Tugas utama Anda mencakup latihan musik, pertunjukan langsung, perekaman, dan mungkin juga pengajaran musik untuk menginspirasi dan menghibur pendengar.","Memiliki kemampuan untuk bermain alat musik, menyanyi, atau keterampilan musikal lainnya.","1,5 - 2 jt/bln","Virtuoso Music Institute adalah lembaga pendidikan musik yang berkomitmen untuk memberikan pendidikan berkualitas tinggi dalam berbagai disiplin seni musik. Didirikan dengan tujuan untuk membantu siswa mengembangkan potensi musikal mereka, Virtuoso Music Institute menjadi destinasi unggul bagi mereka yang ingin mendalami seni musik dengan serius."
Penyiar Radio/Podcast,Townsquare Media,03/05/2018,Cacat Kaki/Cacat Tangan/Tuna Netra/Tuna Rungu,Full Time,P/L,11/08/2018,"Medan, Sumatera Utara","Anda akan bertanggung jawab atas penyampaian siaran radio yang menarik dan menghibur untuk pendengar. Tugas utama Anda mencakup penyiaran langsung, perencanaan program, dan berinteraksi dengan pendengar melalui berbagai platform.","Memiliki suara yang jelas, vokal yang menarik, dan kemampuan berbicara dengan lancar serta paham terhadap topik atau industri yang dibahas dalam siaran.",2 jt/bln,"Townsquare Media, Inc. adalah jaringan radio Amerika dan perusahaan media yang berbasis di Purchase, New York. Perusahaan dimulai di radio dan berkembang menjadi media digital menjelang akhir tahun 2000-an, dimulai dengan akuisisi MOG Music Network."
Penyunting Teks Braille,Braille Works,04/05/2018,Tuna Netra,Full Time,P/L,12/08/2018,"Medan, Sumatera Utara",Anda akan bertanggung jawab atas konversi dan penyuntingan teks dari format standar ke format Braille. Tugas utama Anda mencakup menghasilkan materi bacaan yang dapat diakses untuk orang tunanetra atau dengan gangguan penglihatan.,"Memiliki pendidikan formal dalam bidang terkait, seperti pendidikan khusus, atau pelatihan khusus dalam penyuntingan teks Braille, serta memiliki sertifikasi atau kursus khusus dalam bahasa braille dan pedoman penulisan braille yang berlaku.",4 - 5 jt/bln,"Braille Works adalah perusahaan yang berdedikasi untuk menyediakan solusi aksesibilitas melalui penerjemahan informasi ke huruf Braille. Didirikan dengan komitmen untuk memperluas aksesibilitas bagi individu dengan kebutuhan khusus, Braille Works telah menjadi pionir dalam menyediakan informasi dalam format yang dapat diakses oleh semua."
Pelatih Olahraga,Djarum Indonesia,05/05/2018,Cacat Kaki/Cacat Tangan,Full Time,P/L,13/08/2018,"Medan, Sumatera Utara","Anda akan memiliki peran kunci dalam membimbing, melatih, dan mengembangkan atlet atau tim olahraga dalam mencapai kinerja optimal. Tugas utama Anda mencakup perencanaan latihan, evaluasi kemajuan, dan memotivasi para atlet untuk mencapai tujuan mereka.","Memiliki gelar sarjana di bidang kepelatihan olahraga, pendidikan jasmani, atau bidang terkait. Beberapa tingkat kepelatihan memerlukan gelar master atau lebih tinggi dan memiliki sertifikasi pelatihan olahraga yang diakui, seperti sertifikasi dari organisasi terkemuka seperti National Strength and Conditioning Association (NSCA), American Council on Exercise (ACE), atau sertifikasi lokal yang relevan.","3,5 - 5 jt/bln","Djarum adalah sebuah perusahaan rokok terbesar keempat di Indonesia yang berkantor pusat di Kudus, Jawa Tengah. PT Djarum merupakan induk dari Djarum Group yang membawahi banyak bisnis. Bisnis tersebut dikelola oleh keluarga Hartono, yang generasi pertamanya adalah Oei Wie Gwan."
Voice Actors,Disney,06/05/2018,Cacat Kaki/Cacat Tangan/Tuna Netra/Tuna Rungu,Full Time,P/L,14/08/2018,"Medan, Sumatera Utara","Anda akan membawa karakter atau narasi kehidupan melalui penggunaan suara Anda. Tugas utama Anda mencakup membaca skrip, memberikan vokal yang sesuai dengan karakter atau proyek, dan bekerja sama dengan sutradara atau produser untuk mencapai hasil yang diinginkan.","Memiliki Kemampuan untuk mengubah dan mengontrol nada suara, intonasi, dan ritme bicara dan rentang vokal yang luas untuk menghadapi berbagai jenis proyek.",15 - 20 jt/bln,"The Walt Disney Company adalah perusahaan konglomerat di bidang hiburan dan media terbesar di dunia. Didirikan pada 16 Oktober 1923, perusahaan ini didirikan oleh Walt Disney dan Roy Oliver Disney dengan nama Disney Brothers Cartoon Studio. Pusatnya terletak di Burbank, California."
Spesialis Aksesibilitas,Pixar,07/05/2018,Cacat Kaki/Cacat Tangan/Tuna Netra/Tuna Rungu,Full Time,P/L,15/08/2018,"Medan, Sumatera Utara","Anda akan memiliki tanggung jawab untuk memastikan bahwa produk, layanan, dan lingkungan digital atau fisik dapat diakses dengan mudah oleh semua orang, termasuk mereka yang memiliki disabilitas. Tugas utama Anda mencakup evaluasi aksesibilitas, memberikan saran perbaikan, dan memastikan bahwa standar aksesibilitas yang berlaku terpenuhi.","Memiliki Gelar sarjana di bidang terkait seperti desain, teknologi informasi, interaksi manusia dan komputer, atau bidang terkait, memahami dan memiliki pengalaman praktis dengan pedoman aksesibilitas web, seperti Web Content Accessibility Guidelines (WCAG).",18 - 25 jt/bln,Pixar Animation Studios adalah sebuah studio animasi yang terkenal atas kontribusinya dalam industri film animasi dan efek visual. Pixar tetap berada di garis depan dalam menciptakan pengalaman animasi yang menginspirasi dan menghibur penonton di seluruh dunia.
Editor Buku,HarperCollins,08/05/2018,Cacat Kaki/Cacat Tangan/Tuna Netra/Tuna Rungu,Full Time,P/L,16/08/2018,"Medan, Sumatera Utara","Anda akan memainkan peran kunci dalam pengembangan dan perbaikan manuskrip untuk memastikan kualitas, keterbacaan, dan kesesuaian dengan standar penerbitan. Tugas utama Anda mencakup penyuntingan bahasa, perumusan konten, dan kolaborasi dengan penulis untuk meningkatkan kualitas karya.","Memiliki kemampuan untuk mengedit tulisan, memahami layouting buku, memiliki ketelitian yang tinggi.  ",9 - 13 jt/bln,"HarperCollins Publishers adalah salah satu penerbit buku terkemuka di dunia, dengan sejarah panjang dan beragam portofolio buku. HarperCollins terus beradaptasi dengan perubahan dalam industri penerbitan untuk tetap menjadi pemimpin di bidangnya."
Pengujian Kualitas,Microsoft,09/05/2018,Cacat Kaki/Cacat Tangan/Tuna Netra/Tuna Rungu,Full Time,P/L,17/08/2018,"Medan, Sumatera Utara","Anda akan bertanggung jawab untuk memastikan bahwa produk atau layanan memenuhi standar kualitas yang ditetapkan sebelum dirilis ke pasar. Tugas utama Anda mencakup pengembangan skenario pengujian, penerapan pengujian fungsional, dan penyampaian laporan hasil kepada tim pengembangan.","Memiliki sifat yang teliti, mengerti sistem perangkat lunak, dan bisa mengoprasikan sistem perangkat lunak. ",25 - 37 jt/bln,"Microsoft Corporation adalah perusahaan multinasional Amerika Serikat yang berpusat di Redmond, Washington, Amerika Serikat yang mengembangkan, membuat, memberi lisensi, dan mendukung berbagai produk dan jasa terkait dengan komputer. Perusahaan ini didirikan oleh Bill Gates dan Paul Allen pada tanggal 4 April 1975."
Analisis Data,Apple,10/05/2018,Cacat Kaki/Cacat Tangan/Tuna Netra/Tuna Rungu,Full Time,P/L,18/08/2018,"Medan, Sumatera Utara","Anda akan memainkan peran kunci dalam mengumpulkan, menganalisis, dan menginterpretasikan data untuk memberikan wawasan bisnis yang berharga. Tugas utama Anda mencakup penyusunan laporan, identifikasi tren, dan memberikan rekomendasi yang didasarkan pada analisis data yang mendalam.","Memiliki kemampuan untuk membaca data dan grafik, mengalisa data, serta memiliki kemampuan komunikasi dan presentasi yang baik. ",30 - 45 jt/bln,"Apple Inc. adalah perusahaan teknologi multinasional yang berpusat di Cupertino, California, yang merancang, mengembangkan, dan menjual barang elektronik konsumen, perangkat lunak komputer, dan layanan daring."
User Interface Designer,SAP ,11/05/2018,Cacat Kaki/Cacat Tangan/Tuna Netra/Tuna Rungu,Full Time,P/L,19/08/2018,"Medan, Sumatera Utara","Anda akan bertanggung jawab untuk menciptakan pengalaman pengguna yang menarik dan intuitif melalui desain elemen-elemen visual pada antarmuka produk atau aplikasi. Tugas utama Anda melibatkan pemikiran desain kreatif, kolaborasi dengan tim pengembangan, dan memastikan konsistensi desain yang mendukung tujuan bisnis.","Memiliki keterampilan mendesain, user experience yang baik, serta memiliki jiwa sosial yang tinggi. ",20 -25 jt/bln,SAP SE adalah sebuah perusahaan perangkat lunak multinasional yang memproduksi perangkat lunak perusahaan untuk mengelola operasi bisnis dan hubungan dengan klien. Perusahaan ini terutama terkenal berkat produk perangkat lunak perencanaan sumber daya perusahaan.